1|6:00:00|7:30:00|1|1|1
2|7:30:00|9:00:00|1|1|1
3|9:00:00|10:30:00|1|1|1
4|10:30:00|12:00:00|1|1|1
5|12:00:00|13:30:00|1|1|1
6|13:30:00|15:00:00|1|1|1
7|15:00:00|16:30:00|1|1|1
8|16:30:00|18:00:00|1|1|1
9|18:00:00|19:30:00|1|1|1
10|19:30:00|21:00:00|1|1|1
11|21:00:00|22:30:00|1|1|1
12|6:00:00|7:30:00|2|1|2
13|7:30:00|9:00:00|2|1|2
14|9:00:00|10:30:00|2|1|2
15|10:30:00|12:00:00|2|1|2
16|12:00:00|13:30:00|2|1|2
17|13:30:00|15:00:00|2|1|2
18|15:00:00|16:30:00|2|1|2
19|16:30:00|18:00:00|2|1|2
20|18:00:00|19:30:00|2|1|2
21|19:30:00|21:00:00|2|1|2
22|21:00:00|22:30:00|2|1|2
23|6:00:00|7:30:00|3|1|3
24|7:30:00|9:00:00|3|1|3
25|9:00:00|10:30:00|3|1|3
26|10:30:00|12:00:00|3|1|3
27|12:00:00|13:30:00|3|1|3
28|13:30:00|15:00:00|3|1|3
29|15:00:00|16:30:00|3|1|3
30|16:30:00|18:00:00|3|1|3
31|18:00:00|19:30:00|3|1|3
32|19:30:00|21:00:00|3|1|3
33|21:00:00|22:30:00|3|1|3
34|6:00:00|7:30:00|4|1|4
35|7:30:00|9:00:00|4|1|4
36|9:00:00|10:30:00|4|1|4
37|10:30:00|12:00:00|4|1|4
38|12:00:00|13:30:00|4|1|4
39|13:30:00|15:00:00|4|1|4
40|15:00:00|16:30:00|4|1|4
41|16:30:00|18:00:00|4|1|4
42|18:00:00|19:30:00|4|1|4
43|19:30:00|21:00:00|4|1|4
44|21:00:00|22:30:00|4|1|4
45|6:00:00|7:30:00|5|1|5
46|7:30:00|9:00:00|5|1|5
47|9:00:00|10:30:00|5|1|5
48|10:30:00|12:00:00|5|1|5
49|12:00:00|13:30:00|5|1|5
50|13:30:00|15:00:00|5|1|5
51|15:00:00|16:30:00|5|1|5
52|16:30:00|18:00:00|5|1|5
53|18:00:00|19:30:00|5|1|5
54|19:30:00|21:00:00|5|1|5
55|21:00:00|22:30:00|5|1|5
56|6:00:00|7:30:00|6|1|6
57|7:30:00|9:00:00|6|1|6
58|9:00:00|10:30:00|6|1|6
59|10:30:00|12:00:00|6|1|6
60|12:00:00|13:30:00|6|1|6
61|13:30:00|15:00:00|6|1|6
62|15:00:00|16:30:00|6|1|6
63|16:30:00|18:00:00|6|1|6
64|18:00:00|19:30:00|6|1|6
65|19:30:00|21:00:00|6|1|6
66|21:00:00|22:30:00|6|1|6
67|6:00:00|7:30:00|7|1|7
68|7:30:00|9:00:00|7|1|7
69|9:00:00|10:30:00|7|1|7
70|10:30:00|12:00:00|7|1|7
71|12:00:00|13:30:00|7|1|7
72|13:30:00|15:00:00|7|1|7
73|15:00:00|16:30:00|7|1|7
74|16:30:00|18:00:00|7|1|7
75|18:00:00|19:30:00|7|1|7
76|19:30:00|21:00:00|7|1|7
77|21:00:00|22:30:00|7|1|7
78|6:00:00|7:30:00|1|2|1
79|7:30:00|9:00:00|1|2|1
80|9:00:00|10:30:00|1|2|1
81|10:30:00|12:00:00|1|2|1
82|12:00:00|13:30:00|1|2|1
83|13:30:00|15:00:00|1|2|1
84|15:00:00|16:30:00|1|2|1
85|16:30:00|18:00:00|1|2|1
86|18:00:00|19:30:00|1|2|1
87|19:30:00|21:00:00|1|2|1
88|21:00:00|22:30:00|1|2|1
89|6:00:00|7:30:00|2|2|2
90|7:30:00|9:00:00|2|2|2
91|9:00:00|10:30:00|2|2|2
92|10:30:00|12:00:00|2|2|2
93|12:00:00|13:30:00|2|2|2
94|13:30:00|15:00:00|2|2|2
95|15:00:00|16:30:00|2|2|2
96|16:30:00|18:00:00|2|2|2
97|18:00:00|19:30:00|2|2|2
98|19:30:00|21:00:00|2|2|2
99|21:00:00|22:30:00|2|2|2
100|6:00:00|7:30:00|3|2|3
101|7:30:00|9:00:00|3|2|3
102|9:00:00|10:30:00|3|2|3
103|10:30:00|12:00:00|3|2|3
104|12:00:00|13:30:00|3|2|3
105|13:30:00|15:00:00|3|2|3
106|15:00:00|16:30:00|3|2|3
107|16:30:00|18:00:00|3|2|3
108|18:00:00|19:30:00|3|2|3
109|19:30:00|21:00:00|3|2|3
110|21:00:00|22:30:00|3|2|3
111|6:00:00|7:30:00|4|2|4
112|7:30:00|9:00:00|4|2|4
113|9:00:00|10:30:00|4|2|4
114|10:30:00|12:00:00|4|2|4
115|12:00:00|13:30:00|4|2|4
116|13:30:00|15:00:00|4|2|4
117|15:00:00|16:30:00|4|2|4
118|16:30:00|18:00:00|4|2|4
119|18:00:00|19:30:00|4|2|4
120|19:30:00|21:00:00|4|2|4
121|21:00:00|22:30:00|4|2|4
122|6:00:00|7:30:00|5|2|5
123|7:30:00|9:00:00|5|2|5
124|9:00:00|10:30:00|5|2|5
125|10:30:00|12:00:00|5|2|5
126|12:00:00|13:30:00|5|2|5
127|13:30:00|15:00:00|5|2|5
128|15:00:00|16:30:00|5|2|5
129|16:30:00|18:00:00|5|2|5
130|18:00:00|19:30:00|5|2|5
131|19:30:00|21:00:00|5|2|5
132|21:00:00|22:30:00|5|2|5
133|6:00:00|7:30:00|6|2|6
134|7:30:00|9:00:00|6|2|6
135|9:00:00|10:30:00|6|2|6
136|10:30:00|12:00:00|6|2|6
137|12:00:00|13:30:00|6|2|6
138|13:30:00|15:00:00|6|2|6
139|15:00:00|16:30:00|6|2|6
140|16:30:00|18:00:00|6|2|6
141|18:00:00|19:30:00|6|2|6
142|19:30:00|21:00:00|6|2|6
143|21:00:00|22:30:00|6|2|6
144|6:00:00|7:30:00|7|2|7
145|7:30:00|9:00:00|7|2|7
146|9:00:00|10:30:00|7|2|7
147|10:30:00|12:00:00|7|2|7
148|12:00:00|13:30:00|7|2|7
149|13:30:00|15:00:00|7|2|7
150|15:00:00|16:30:00|7|2|7
151|16:30:00|18:00:00|7|2|7
152|18:00:00|19:30:00|7|2|7
153|19:30:00|21:00:00|7|2|7
154|21:00:00|22:30:00|7|2|7
155|6:00:00|7:30:00|1|3|1
156|7:30:00|9:00:00|1|3|1
157|9:00:00|10:30:00|1|3|1
158|10:30:00|12:00:00|1|3|1
159|12:00:00|13:30:00|1|3|1
160|13:30:00|15:00:00|1|3|1
161|15:00:00|16:30:00|1|3|1
162|16:30:00|18:00:00|1|3|1
163|18:00:00|19:30:00|1|3|1
164|19:30:00|21:00:00|1|3|1
165|21:00:00|22:30:00|1|3|1
166|6:00:00|7:30:00|2|3|2
167|7:30:00|9:00:00|2|3|2
168|9:00:00|10:30:00|2|3|2
169|10:30:00|12:00:00|2|3|2
170|12:00:00|13:30:00|2|3|2
171|13:30:00|15:00:00|2|3|2
172|15:00:00|16:30:00|2|3|2
173|16:30:00|18:00:00|2|3|2
174|18:00:00|19:30:00|2|3|2
175|19:30:00|21:00:00|2|3|2
176|21:00:00|22:30:00|2|3|2
177|6:00:00|7:30:00|3|3|3
178|7:30:00|9:00:00|3|3|3
179|9:00:00|10:30:00|3|3|3
180|10:30:00|12:00:00|3|3|3
181|12:00:00|13:30:00|3|3|3
182|13:30:00|15:00:00|3|3|3
183|15:00:00|16:30:00|3|3|3
184|16:30:00|18:00:00|3|3|3
185|18:00:00|19:30:00|3|3|3
186|19:30:00|21:00:00|3|3|3
187|21:00:00|22:30:00|3|3|3
188|6:00:00|7:30:00|4|3|4
189|7:30:00|9:00:00|4|3|4
190|9:00:00|10:30:00|4|3|4
191|10:30:00|12:00:00|4|3|4
192|12:00:00|13:30:00|4|3|4
193|13:30:00|15:00:00|4|3|4
194|15:00:00|16:30:00|4|3|4
195|16:30:00|18:00:00|4|3|4
196|18:00:00|19:30:00|4|3|4
197|19:30:00|21:00:00|4|3|4
198|21:00:00|22:30:00|4|3|4
199|6:00:00|7:30:00|5|3|5
200|7:30:00|9:00:00|5|3|5
201|9:00:00|10:30:00|5|3|5
202|10:30:00|12:00:00|5|3|5
203|12:00:00|13:30:00|5|3|5
204|13:30:00|15:00:00|5|3|5
205|15:00:00|16:30:00|5|3|5
206|16:30:00|18:00:00|5|3|5
207|18:00:00|19:30:00|5|3|5
208|19:30:00|21:00:00|5|3|5
209|21:00:00|22:30:00|5|3|5
210|6:00:00|7:30:00|6|3|6
211|7:30:00|9:00:00|6|3|6
212|9:00:00|10:30:00|6|3|6
213|10:30:00|12:00:00|6|3|6
214|12:00:00|13:30:00|6|3|6
215|13:30:00|15:00:00|6|3|6
216|15:00:00|16:30:00|6|3|6
217|16:30:00|18:00:00|6|3|6
218|18:00:00|19:30:00|6|3|6
219|19:30:00|21:00:00|6|3|6
220|21:00:00|22:30:00|6|3|6
221|6:00:00|7:30:00|7|3|7
222|7:30:00|9:00:00|7|3|7
223|9:00:00|10:30:00|7|3|7
224|10:30:00|12:00:00|7|3|7
225|12:00:00|13:30:00|7|3|7
226|13:30:00|15:00:00|7|3|7
227|15:00:00|16:30:00|7|3|7
228|16:30:00|18:00:00|7|3|7
229|18:00:00|19:30:00|7|3|7
230|19:30:00|21:00:00|7|3|7
231|21:00:00|22:30:00|7|3|7
232|6:00:00|7:30:00|1|4|1
233|7:30:00|9:00:00|1|4|1
234|9:00:00|10:30:00|1|4|1
235|10:30:00|12:00:00|1|4|1
236|12:00:00|13:30:00|1|4|1
237|13:30:00|15:00:00|1|4|1
238|15:00:00|16:30:00|1|4|1
239|16:30:00|18:00:00|1|4|1
240|18:00:00|19:30:00|1|4|1
241|19:30:00|21:00:00|1|4|1
242|21:00:00|22:30:00|1|4|1
243|6:00:00|7:30:00|2|4|2
244|7:30:00|9:00:00|2|4|2
245|9:00:00|10:30:00|2|4|2
246|10:30:00|12:00:00|2|4|2
247|12:00:00|13:30:00|2|4|2
248|13:30:00|15:00:00|2|4|2
249|15:00:00|16:30:00|2|4|2
250|16:30:00|18:00:00|2|4|2
251|18:00:00|19:30:00|2|4|2
252|19:30:00|21:00:00|2|4|2
253|21:00:00|22:30:00|2|4|2
254|6:00:00|7:30:00|3|4|3
255|7:30:00|9:00:00|3|4|3
256|9:00:00|10:30:00|3|4|3
257|10:30:00|12:00:00|3|4|3
258|12:00:00|13:30:00|3|4|3
259|13:30:00|15:00:00|3|4|3
260|15:00:00|16:30:00|3|4|3
261|16:30:00|18:00:00|3|4|3
262|18:00:00|19:30:00|3|4|3
263|19:30:00|21:00:00|3|4|3
264|21:00:00|22:30:00|3|4|3
265|6:00:00|7:30:00|4|4|4
266|7:30:00|9:00:00|4|4|4
267|9:00:00|10:30:00|4|4|4
268|10:30:00|12:00:00|4|4|4
269|12:00:00|13:30:00|4|4|4
270|13:30:00|15:00:00|4|4|4
271|15:00:00|16:30:00|4|4|4
272|16:30:00|18:00:00|4|4|4
273|18:00:00|19:30:00|4|4|4
274|19:30:00|21:00:00|4|4|4
275|21:00:00|22:30:00|4|4|4
276|6:00:00|7:30:00|5|4|5
277|7:30:00|9:00:00|5|4|5
278|9:00:00|10:30:00|5|4|5
279|10:30:00|12:00:00|5|4|5
280|12:00:00|13:30:00|5|4|5
281|13:30:00|15:00:00|5|4|5
282|15:00:00|16:30:00|5|4|5
283|16:30:00|18:00:00|5|4|5
284|18:00:00|19:30:00|5|4|5
285|19:30:00|21:00:00|5|4|5
286|21:00:00|22:30:00|5|4|5
287|6:00:00|7:30:00|6|4|6
288|7:30:00|9:00:00|6|4|6
289|9:00:00|10:30:00|6|4|6
290|10:30:00|12:00:00|6|4|6
291|12:00:00|13:30:00|6|4|6
292|13:30:00|15:00:00|6|4|6
293|15:00:00|16:30:00|6|4|6
294|16:30:00|18:00:00|6|4|6
295|18:00:00|19:30:00|6|4|6
296|19:30:00|21:00:00|6|4|6
297|21:00:00|22:30:00|6|4|6
298|6:00:00|7:30:00|7|4|7
299|7:30:00|9:00:00|7|4|7
300|9:00:00|10:30:00|7|4|7
301|10:30:00|12:00:00|7|4|7
302|12:00:00|13:30:00|7|4|7
303|13:30:00|15:00:00|7|4|7
304|15:00:00|16:30:00|7|4|7
305|16:30:00|18:00:00|7|4|7
306|18:00:00|19:30:00|7|4|7
307|19:30:00|21:00:00|7|4|7
308|21:00:00|22:30:00|7|4|7
309|6:00:00|7:30:00|1|5|1
310|7:30:00|9:00:00|1|5|1
311|9:00:00|10:30:00|1|5|1
312|10:30:00|12:00:00|1|5|1
313|12:00:00|13:30:00|1|5|1
314|13:30:00|15:00:00|1|5|1
315|15:00:00|16:30:00|1|5|1
316|16:30:00|18:00:00|1|5|1
317|18:00:00|19:30:00|1|5|1
318|19:30:00|21:00:00|1|5|1
319|21:00:00|22:30:00|1|5|1
320|6:00:00|7:30:00|2|5|2
321|7:30:00|9:00:00|2|5|2
322|9:00:00|10:30:00|2|5|2
323|10:30:00|12:00:00|2|5|2
324|12:00:00|13:30:00|2|5|2
325|13:30:00|15:00:00|2|5|2
326|15:00:00|16:30:00|2|5|2
327|16:30:00|18:00:00|2|5|2
328|18:00:00|19:30:00|2|5|2
329|19:30:00|21:00:00|2|5|2
330|21:00:00|22:30:00|2|5|2
331|6:00:00|7:30:00|3|5|3
332|7:30:00|9:00:00|3|5|3
333|9:00:00|10:30:00|3|5|3
334|10:30:00|12:00:00|3|5|3
335|12:00:00|13:30:00|3|5|3
336|13:30:00|15:00:00|3|5|3
337|15:00:00|16:30:00|3|5|3
338|16:30:00|18:00:00|3|5|3
339|18:00:00|19:30:00|3|5|3
340|19:30:00|21:00:00|3|5|3
341|21:00:00|22:30:00|3|5|3
342|6:00:00|7:30:00|4|5|4
343|7:30:00|9:00:00|4|5|4
344|9:00:00|10:30:00|4|5|4
345|10:30:00|12:00:00|4|5|4
346|12:00:00|13:30:00|4|5|4
347|13:30:00|15:00:00|4|5|4
348|15:00:00|16:30:00|4|5|4
349|16:30:00|18:00:00|4|5|4
350|18:00:00|19:30:00|4|5|4
351|19:30:00|21:00:00|4|5|4
352|21:00:00|22:30:00|4|5|4
353|6:00:00|7:30:00|5|5|5
354|7:30:00|9:00:00|5|5|5
355|9:00:00|10:30:00|5|5|5
356|10:30:00|12:00:00|5|5|5
357|12:00:00|13:30:00|5|5|5
358|13:30:00|15:00:00|5|5|5
359|15:00:00|16:30:00|5|5|5
360|16:30:00|18:00:00|5|5|5
361|18:00:00|19:30:00|5|5|5
362|19:30:00|21:00:00|5|5|5
363|21:00:00|22:30:00|5|5|5
364|6:00:00|7:30:00|6|5|6
365|7:30:00|9:00:00|6|5|6
366|9:00:00|10:30:00|6|5|6
367|10:30:00|12:00:00|6|5|6
368|12:00:00|13:30:00|6|5|6
369|13:30:00|15:00:00|6|5|6
370|15:00:00|16:30:00|6|5|6
371|16:30:00|18:00:00|6|5|6
372|18:00:00|19:30:00|6|5|6
373|19:30:00|21:00:00|6|5|6
374|21:00:00|22:30:00|6|5|6
375|6:00:00|7:30:00|7|5|7
376|7:30:00|9:00:00|7|5|7
377|9:00:00|10:30:00|7|5|7
378|10:30:00|12:00:00|7|5|7
379|12:00:00|13:30:00|7|5|7
380|13:30:00|15:00:00|7|5|7
381|15:00:00|16:30:00|7|5|7
382|16:30:00|18:00:00|7|5|7
383|18:00:00|19:30:00|7|5|7
384|19:30:00|21:00:00|7|5|7
385|21:00:00|22:30:00|7|5|7
386|6:00:00|7:30:00|1|6|1
387|7:30:00|9:00:00|1|6|1
388|9:00:00|10:30:00|1|6|1
389|10:30:00|12:00:00|1|6|1
390|12:00:00|13:30:00|1|6|1
391|13:30:00|15:00:00|1|6|1
392|15:00:00|16:30:00|1|6|1
393|16:30:00|18:00:00|1|6|1
394|18:00:00|19:30:00|1|6|1
395|19:30:00|21:00:00|1|6|1
396|21:00:00|22:30:00|1|6|1
397|6:00:00|7:30:00|2|6|2
398|7:30:00|9:00:00|2|6|2
399|9:00:00|10:30:00|2|6|2
400|10:30:00|12:00:00|2|6|2
401|12:00:00|13:30:00|2|6|2
402|13:30:00|15:00:00|2|6|2
403|15:00:00|16:30:00|2|6|2
404|16:30:00|18:00:00|2|6|2
405|18:00:00|19:30:00|2|6|2
406|19:30:00|21:00:00|2|6|2
407|21:00:00|22:30:00|2|6|2
408|6:00:00|7:30:00|3|6|3
409|7:30:00|9:00:00|3|6|3
410|9:00:00|10:30:00|3|6|3
411|10:30:00|12:00:00|3|6|3
412|12:00:00|13:30:00|3|6|3
413|13:30:00|15:00:00|3|6|3
414|15:00:00|16:30:00|3|6|3
415|16:30:00|18:00:00|3|6|3
416|18:00:00|19:30:00|3|6|3
417|19:30:00|21:00:00|3|6|3
418|21:00:00|22:30:00|3|6|3
419|6:00:00|7:30:00|4|6|4
420|7:30:00|9:00:00|4|6|4
421|9:00:00|10:30:00|4|6|4
422|10:30:00|12:00:00|4|6|4
423|12:00:00|13:30:00|4|6|4
424|13:30:00|15:00:00|4|6|4
425|15:00:00|16:30:00|4|6|4
426|16:30:00|18:00:00|4|6|4
427|18:00:00|19:30:00|4|6|4
428|19:30:00|21:00:00|4|6|4
429|21:00:00|22:30:00|4|6|4
430|6:00:00|7:30:00|5|6|5
431|7:30:00|9:00:00|5|6|5
432|9:00:00|10:30:00|5|6|5
433|10:30:00|12:00:00|5|6|5
434|12:00:00|13:30:00|5|6|5
435|13:30:00|15:00:00|5|6|5
436|15:00:00|16:30:00|5|6|5
437|16:30:00|18:00:00|5|6|5
438|18:00:00|19:30:00|5|6|5
439|19:30:00|21:00:00|5|6|5
440|21:00:00|22:30:00|5|6|5
441|6:00:00|7:30:00|6|6|6
442|7:30:00|9:00:00|6|6|6
443|9:00:00|10:30:00|6|6|6
444|10:30:00|12:00:00|6|6|6
445|12:00:00|13:30:00|6|6|6
446|13:30:00|15:00:00|6|6|6
447|15:00:00|16:30:00|6|6|6
448|16:30:00|18:00:00|6|6|6
449|18:00:00|19:30:00|6|6|6
450|19:30:00|21:00:00|6|6|6
451|21:00:00|22:30:00|6|6|6
452|6:00:00|7:30:00|7|6|7
453|7:30:00|9:00:00|7|6|7
454|9:00:00|10:30:00|7|6|7
455|10:30:00|12:00:00|7|6|7
456|12:00:00|13:30:00|7|6|7
457|13:30:00|15:00:00|7|6|7
458|15:00:00|16:30:00|7|6|7
459|16:30:00|18:00:00|7|6|7
460|18:00:00|19:30:00|7|6|7
461|19:30:00|21:00:00|7|6|7
462|21:00:00|22:30:00|7|6|7
463|6:00:00|7:30:00|1|7|1
464|7:30:00|9:00:00|1|7|1
465|9:00:00|10:30:00|1|7|1
466|10:30:00|12:00:00|1|7|1
467|12:00:00|13:30:00|1|7|1
468|13:30:00|15:00:00|1|7|1
469|15:00:00|16:30:00|1|7|1
470|16:30:00|18:00:00|1|7|1
471|18:00:00|19:30:00|1|7|1
472|19:30:00|21:00:00|1|7|1
473|21:00:00|22:30:00|1|7|1
474|6:00:00|7:30:00|2|7|2
475|7:30:00|9:00:00|2|7|2
476|9:00:00|10:30:00|2|7|2
477|10:30:00|12:00:00|2|7|2
478|12:00:00|13:30:00|2|7|2
479|13:30:00|15:00:00|2|7|2
480|15:00:00|16:30:00|2|7|2
481|16:30:00|18:00:00|2|7|2
482|18:00:00|19:30:00|2|7|2
483|19:30:00|21:00:00|2|7|2
484|21:00:00|22:30:00|2|7|2
485|6:00:00|7:30:00|3|7|3
486|7:30:00|9:00:00|3|7|3
487|9:00:00|10:30:00|3|7|3
488|10:30:00|12:00:00|3|7|3
489|12:00:00|13:30:00|3|7|3
490|13:30:00|15:00:00|3|7|3
491|15:00:00|16:30:00|3|7|3
492|16:30:00|18:00:00|3|7|3
493|18:00:00|19:30:00|3|7|3
494|19:30:00|21:00:00|3|7|3
495|21:00:00|22:30:00|3|7|3
496|6:00:00|7:30:00|4|7|4
497|7:30:00|9:00:00|4|7|4
498|9:00:00|10:30:00|4|7|4
499|10:30:00|12:00:00|4|7|4
500|12:00:00|13:30:00|4|7|4
501|13:30:00|15:00:00|4|7|4
502|15:00:00|16:30:00|4|7|4
503|16:30:00|18:00:00|4|7|4
504|18:00:00|19:30:00|4|7|4
505|19:30:00|21:00:00|4|7|4
506|21:00:00|22:30:00|4|7|4
507|6:00:00|7:30:00|5|7|5
508|7:30:00|9:00:00|5|7|5
509|9:00:00|10:30:00|5|7|5
510|10:30:00|12:00:00|5|7|5
511|12:00:00|13:30:00|5|7|5
512|13:30:00|15:00:00|5|7|5
513|15:00:00|16:30:00|5|7|5
514|16:30:00|18:00:00|5|7|5
515|18:00:00|19:30:00|5|7|5
516|19:30:00|21:00:00|5|7|5
517|21:00:00|22:30:00|5|7|5
518|6:00:00|7:30:00|6|7|6
519|7:30:00|9:00:00|6|7|6
520|9:00:00|10:30:00|6|7|6
521|10:30:00|12:00:00|6|7|6
522|12:00:00|13:30:00|6|7|6
523|13:30:00|15:00:00|6|7|6
524|15:00:00|16:30:00|6|7|6
525|16:30:00|18:00:00|6|7|6
526|18:00:00|19:30:00|6|7|6
527|19:30:00|21:00:00|6|7|6
528|21:00:00|22:30:00|6|7|6
529|6:00:00|7:30:00|7|7|7
530|7:30:00|9:00:00|7|7|7
531|9:00:00|10:30:00|7|7|7
532|10:30:00|12:00:00|7|7|7
533|12:00:00|13:30:00|7|7|7
534|13:30:00|15:00:00|7|7|7
535|15:00:00|16:30:00|7|7|7
536|16:30:00|18:00:00|7|7|7
537|18:00:00|19:30:00|7|7|7
538|19:30:00|21:00:00|7|7|7
539|21:00:00|22:30:00|7|7|7
540|6:00:00|7:30:00|1|8|1
541|7:30:00|9:00:00|1|8|1
542|9:00:00|10:30:00|1|8|1
543|10:30:00|12:00:00|1|8|1
544|12:00:00|13:30:00|1|8|1
545|13:30:00|15:00:00|1|8|1
546|15:00:00|16:30:00|1|8|1
547|16:30:00|18:00:00|1|8|1
548|18:00:00|19:30:00|1|8|1
549|19:30:00|21:00:00|1|8|1
550|21:00:00|22:30:00|1|8|1
551|6:00:00|7:30:00|2|8|2
552|7:30:00|9:00:00|2|8|2
553|9:00:00|10:30:00|2|8|2
554|10:30:00|12:00:00|2|8|2
555|12:00:00|13:30:00|2|8|2
556|13:30:00|15:00:00|2|8|2
557|15:00:00|16:30:00|2|8|2
558|16:30:00|18:00:00|2|8|2
559|18:00:00|19:30:00|2|8|2
560|19:30:00|21:00:00|2|8|2
561|21:00:00|22:30:00|2|8|2
562|6:00:00|7:30:00|3|8|3
563|7:30:00|9:00:00|3|8|3
564|9:00:00|10:30:00|3|8|3
565|10:30:00|12:00:00|3|8|3
566|12:00:00|13:30:00|3|8|3
567|13:30:00|15:00:00|3|8|3
568|15:00:00|16:30:00|3|8|3
569|16:30:00|18:00:00|3|8|3
570|18:00:00|19:30:00|3|8|3
571|19:30:00|21:00:00|3|8|3
572|21:00:00|22:30:00|3|8|3
573|6:00:00|7:30:00|4|8|4
574|7:30:00|9:00:00|4|8|4
575|9:00:00|10:30:00|4|8|4
576|10:30:00|12:00:00|4|8|4
577|12:00:00|13:30:00|4|8|4
578|13:30:00|15:00:00|4|8|4
579|15:00:00|16:30:00|4|8|4
580|16:30:00|18:00:00|4|8|4
581|18:00:00|19:30:00|4|8|4
582|19:30:00|21:00:00|4|8|4
583|21:00:00|22:30:00|4|8|4
584|6:00:00|7:30:00|5|8|5
585|7:30:00|9:00:00|5|8|5
586|9:00:00|10:30:00|5|8|5
587|10:30:00|12:00:00|5|8|5
588|12:00:00|13:30:00|5|8|5
589|13:30:00|15:00:00|5|8|5
590|15:00:00|16:30:00|5|8|5
591|16:30:00|18:00:00|5|8|5
592|18:00:00|19:30:00|5|8|5
593|19:30:00|21:00:00|5|8|5
594|21:00:00|22:30:00|5|8|5
595|6:00:00|7:30:00|6|8|6
596|7:30:00|9:00:00|6|8|6
597|9:00:00|10:30:00|6|8|6
598|10:30:00|12:00:00|6|8|6
599|12:00:00|13:30:00|6|8|6
600|13:30:00|15:00:00|6|8|6
601|15:00:00|16:30:00|6|8|6
602|16:30:00|18:00:00|6|8|6
603|18:00:00|19:30:00|6|8|6
604|19:30:00|21:00:00|6|8|6
605|21:00:00|22:30:00|6|8|6
606|6:00:00|7:30:00|7|8|7
607|7:30:00|9:00:00|7|8|7
608|9:00:00|10:30:00|7|8|7
609|10:30:00|12:00:00|7|8|7
610|12:00:00|13:30:00|7|8|7
611|13:30:00|15:00:00|7|8|7
612|15:00:00|16:30:00|7|8|7
613|16:30:00|18:00:00|7|8|7
614|18:00:00|19:30:00|7|8|7
615|19:30:00|21:00:00|7|8|7
616|21:00:00|22:30:00|7|8|7
617|6:00:00|7:30:00|1|9|1
618|7:30:00|9:00:00|1|9|1
619|9:00:00|10:30:00|1|9|1
620|10:30:00|12:00:00|1|9|1
621|12:00:00|13:30:00|1|9|1
622|13:30:00|15:00:00|1|9|1
623|15:00:00|16:30:00|1|9|1
624|16:30:00|18:00:00|1|9|1
625|18:00:00|19:30:00|1|9|1
626|19:30:00|21:00:00|1|9|1
627|21:00:00|22:30:00|1|9|1
628|6:00:00|7:30:00|2|9|2
629|7:30:00|9:00:00|2|9|2
630|9:00:00|10:30:00|2|9|2
631|10:30:00|12:00:00|2|9|2
632|12:00:00|13:30:00|2|9|2
633|13:30:00|15:00:00|2|9|2
634|15:00:00|16:30:00|2|9|2
635|16:30:00|18:00:00|2|9|2
636|18:00:00|19:30:00|2|9|2
637|19:30:00|21:00:00|2|9|2
638|21:00:00|22:30:00|2|9|2
639|6:00:00|7:30:00|3|9|3
640|7:30:00|9:00:00|3|9|3
641|9:00:00|10:30:00|3|9|3
642|10:30:00|12:00:00|3|9|3
643|12:00:00|13:30:00|3|9|3
644|13:30:00|15:00:00|3|9|3
645|15:00:00|16:30:00|3|9|3
646|16:30:00|18:00:00|3|9|3
647|18:00:00|19:30:00|3|9|3
648|19:30:00|21:00:00|3|9|3
649|21:00:00|22:30:00|3|9|3
650|6:00:00|7:30:00|4|9|4
651|7:30:00|9:00:00|4|9|4
652|9:00:00|10:30:00|4|9|4
653|10:30:00|12:00:00|4|9|4
654|12:00:00|13:30:00|4|9|4
655|13:30:00|15:00:00|4|9|4
656|15:00:00|16:30:00|4|9|4
657|16:30:00|18:00:00|4|9|4
658|18:00:00|19:30:00|4|9|4
659|19:30:00|21:00:00|4|9|4
660|21:00:00|22:30:00|4|9|4
661|6:00:00|7:30:00|5|9|5
662|7:30:00|9:00:00|5|9|5
663|9:00:00|10:30:00|5|9|5
664|10:30:00|12:00:00|5|9|5
665|12:00:00|13:30:00|5|9|5
666|13:30:00|15:00:00|5|9|5
667|15:00:00|16:30:00|5|9|5
668|16:30:00|18:00:00|5|9|5
669|18:00:00|19:30:00|5|9|5
670|19:30:00|21:00:00|5|9|5
671|21:00:00|22:30:00|5|9|5
672|6:00:00|7:30:00|6|9|6
673|7:30:00|9:00:00|6|9|6
674|9:00:00|10:30:00|6|9|6
675|10:30:00|12:00:00|6|9|6
676|12:00:00|13:30:00|6|9|6
677|13:30:00|15:00:00|6|9|6
678|15:00:00|16:30:00|6|9|6
679|16:30:00|18:00:00|6|9|6
680|18:00:00|19:30:00|6|9|6
681|19:30:00|21:00:00|6|9|6
682|21:00:00|22:30:00|6|9|6
683|6:00:00|7:30:00|7|9|7
684|7:30:00|9:00:00|7|9|7
685|9:00:00|10:30:00|7|9|7
686|10:30:00|12:00:00|7|9|7
687|12:00:00|13:30:00|7|9|7
688|13:30:00|15:00:00|7|9|7
689|15:00:00|16:30:00|7|9|7
690|16:30:00|18:00:00|7|9|7
691|18:00:00|19:30:00|7|9|7
692|19:30:00|21:00:00|7|9|7
693|21:00:00|22:30:00|7|9|7
694|6:00:00|7:30:00|1|10|1
695|7:30:00|9:00:00|1|10|1
696|9:00:00|10:30:00|1|10|1
697|10:30:00|12:00:00|1|10|1
698|12:00:00|13:30:00|1|10|1
699|13:30:00|15:00:00|1|10|1
700|15:00:00|16:30:00|1|10|1
701|16:30:00|18:00:00|1|10|1
702|18:00:00|19:30:00|1|10|1
703|19:30:00|21:00:00|1|10|1
704|21:00:00|22:30:00|1|10|1
705|6:00:00|7:30:00|2|10|2
706|7:30:00|9:00:00|2|10|2
707|9:00:00|10:30:00|2|10|2
708|10:30:00|12:00:00|2|10|2
709|12:00:00|13:30:00|2|10|2
710|13:30:00|15:00:00|2|10|2
711|15:00:00|16:30:00|2|10|2
712|16:30:00|18:00:00|2|10|2
713|18:00:00|19:30:00|2|10|2
714|19:30:00|21:00:00|2|10|2
715|21:00:00|22:30:00|2|10|2
716|6:00:00|7:30:00|3|10|3
717|7:30:00|9:00:00|3|10|3
718|9:00:00|10:30:00|3|10|3
719|10:30:00|12:00:00|3|10|3
720|12:00:00|13:30:00|3|10|3
721|13:30:00|15:00:00|3|10|3
722|15:00:00|16:30:00|3|10|3
723|16:30:00|18:00:00|3|10|3
724|18:00:00|19:30:00|3|10|3
725|19:30:00|21:00:00|3|10|3
726|21:00:00|22:30:00|3|10|3
727|6:00:00|7:30:00|4|10|4
728|7:30:00|9:00:00|4|10|4
729|9:00:00|10:30:00|4|10|4
730|10:30:00|12:00:00|4|10|4
731|12:00:00|13:30:00|4|10|4
732|13:30:00|15:00:00|4|10|4
733|15:00:00|16:30:00|4|10|4
734|16:30:00|18:00:00|4|10|4
735|18:00:00|19:30:00|4|10|4
736|19:30:00|21:00:00|4|10|4
737|21:00:00|22:30:00|4|10|4
738|6:00:00|7:30:00|5|10|5
739|7:30:00|9:00:00|5|10|5
740|9:00:00|10:30:00|5|10|5
741|10:30:00|12:00:00|5|10|5
742|12:00:00|13:30:00|5|10|5
743|13:30:00|15:00:00|5|10|5
744|15:00:00|16:30:00|5|10|5
745|16:30:00|18:00:00|5|10|5
746|18:00:00|19:30:00|5|10|5
747|19:30:00|21:00:00|5|10|5
748|21:00:00|22:30:00|5|10|5
749|6:00:00|7:30:00|6|10|6
750|7:30:00|9:00:00|6|10|6
751|9:00:00|10:30:00|6|10|6
752|10:30:00|12:00:00|6|10|6
753|12:00:00|13:30:00|6|10|6
754|13:30:00|15:00:00|6|10|6
755|15:00:00|16:30:00|6|10|6
756|16:30:00|18:00:00|6|10|6
757|18:00:00|19:30:00|6|10|6
758|19:30:00|21:00:00|6|10|6
759|21:00:00|22:30:00|6|10|6
760|6:00:00|7:30:00|7|10|7
761|7:30:00|9:00:00|7|10|7
762|9:00:00|10:30:00|7|10|7
763|10:30:00|12:00:00|7|10|7
764|12:00:00|13:30:00|7|10|7
765|13:30:00|15:00:00|7|10|7
766|15:00:00|16:30:00|7|10|7
767|16:30:00|18:00:00|7|10|7
768|18:00:00|19:30:00|7|10|7
769|19:30:00|21:00:00|7|10|7
770|21:00:00|22:30:00|7|10|7
771|6:00:00|7:30:00|1|11|1
772|7:30:00|9:00:00|1|11|1
773|9:00:00|10:30:00|1|11|1
774|10:30:00|12:00:00|1|11|1
775|12:00:00|13:30:00|1|11|1
776|13:30:00|15:00:00|1|11|1
777|15:00:00|16:30:00|1|11|1
778|16:30:00|18:00:00|1|11|1
779|18:00:00|19:30:00|1|11|1
780|19:30:00|21:00:00|1|11|1
781|21:00:00|22:30:00|1|11|1
782|6:00:00|7:30:00|2|11|2
783|7:30:00|9:00:00|2|11|2
784|9:00:00|10:30:00|2|11|2
785|10:30:00|12:00:00|2|11|2
786|12:00:00|13:30:00|2|11|2
787|13:30:00|15:00:00|2|11|2
788|15:00:00|16:30:00|2|11|2
789|16:30:00|18:00:00|2|11|2
790|18:00:00|19:30:00|2|11|2
791|19:30:00|21:00:00|2|11|2
792|21:00:00|22:30:00|2|11|2
793|6:00:00|7:30:00|3|11|3
794|7:30:00|9:00:00|3|11|3
795|9:00:00|10:30:00|3|11|3
796|10:30:00|12:00:00|3|11|3
797|12:00:00|13:30:00|3|11|3
798|13:30:00|15:00:00|3|11|3
799|15:00:00|16:30:00|3|11|3
800|16:30:00|18:00:00|3|11|3
801|18:00:00|19:30:00|3|11|3
802|19:30:00|21:00:00|3|11|3
803|21:00:00|22:30:00|3|11|3
804|6:00:00|7:30:00|4|11|4
805|7:30:00|9:00:00|4|11|4
806|9:00:00|10:30:00|4|11|4
807|10:30:00|12:00:00|4|11|4
808|12:00:00|13:30:00|4|11|4
809|13:30:00|15:00:00|4|11|4
810|15:00:00|16:30:00|4|11|4
811|16:30:00|18:00:00|4|11|4
812|18:00:00|19:30:00|4|11|4
813|19:30:00|21:00:00|4|11|4
814|21:00:00|22:30:00|4|11|4
815|6:00:00|7:30:00|5|11|5
816|7:30:00|9:00:00|5|11|5
817|9:00:00|10:30:00|5|11|5
818|10:30:00|12:00:00|5|11|5
819|12:00:00|13:30:00|5|11|5
820|13:30:00|15:00:00|5|11|5
821|15:00:00|16:30:00|5|11|5
822|16:30:00|18:00:00|5|11|5
823|18:00:00|19:30:00|5|11|5
824|19:30:00|21:00:00|5|11|5
825|21:00:00|22:30:00|5|11|5
826|6:00:00|7:30:00|6|11|6
827|7:30:00|9:00:00|6|11|6
828|9:00:00|10:30:00|6|11|6
829|10:30:00|12:00:00|6|11|6
830|12:00:00|13:30:00|6|11|6
831|13:30:00|15:00:00|6|11|6
832|15:00:00|16:30:00|6|11|6
833|16:30:00|18:00:00|6|11|6
834|18:00:00|19:30:00|6|11|6
835|19:30:00|21:00:00|6|11|6
836|21:00:00|22:30:00|6|11|6
837|6:00:00|7:30:00|7|11|7
838|7:30:00|9:00:00|7|11|7
839|9:00:00|10:30:00|7|11|7
840|10:30:00|12:00:00|7|11|7
841|12:00:00|13:30:00|7|11|7
842|13:30:00|15:00:00|7|11|7
843|15:00:00|16:30:00|7|11|7
844|16:30:00|18:00:00|7|11|7
845|18:00:00|19:30:00|7|11|7
846|19:30:00|21:00:00|7|11|7
847|21:00:00|22:30:00|7|11|7
848|6:00:00|7:30:00|1|12|1
849|7:30:00|9:00:00|1|12|1
850|9:00:00|10:30:00|1|12|1
851|10:30:00|12:00:00|1|12|1
852|12:00:00|13:30:00|1|12|1
853|13:30:00|15:00:00|1|12|1
854|15:00:00|16:30:00|1|12|1
855|16:30:00|18:00:00|1|12|1
856|18:00:00|19:30:00|1|12|1
857|19:30:00|21:00:00|1|12|1
858|21:00:00|22:30:00|1|12|1
859|6:00:00|7:30:00|2|12|2
860|7:30:00|9:00:00|2|12|2
861|9:00:00|10:30:00|2|12|2
862|10:30:00|12:00:00|2|12|2
863|12:00:00|13:30:00|2|12|2
864|13:30:00|15:00:00|2|12|2
865|15:00:00|16:30:00|2|12|2
866|16:30:00|18:00:00|2|12|2
867|18:00:00|19:30:00|2|12|2
868|19:30:00|21:00:00|2|12|2
869|21:00:00|22:30:00|2|12|2
870|6:00:00|7:30:00|3|12|3
871|7:30:00|9:00:00|3|12|3
872|9:00:00|10:30:00|3|12|3
873|10:30:00|12:00:00|3|12|3
874|12:00:00|13:30:00|3|12|3
875|13:30:00|15:00:00|3|12|3
876|15:00:00|16:30:00|3|12|3
877|16:30:00|18:00:00|3|12|3
878|18:00:00|19:30:00|3|12|3
879|19:30:00|21:00:00|3|12|3
880|21:00:00|22:30:00|3|12|3
881|6:00:00|7:30:00|4|12|4
882|7:30:00|9:00:00|4|12|4
883|9:00:00|10:30:00|4|12|4
884|10:30:00|12:00:00|4|12|4
885|12:00:00|13:30:00|4|12|4
886|13:30:00|15:00:00|4|12|4
887|15:00:00|16:30:00|4|12|4
888|16:30:00|18:00:00|4|12|4
889|18:00:00|19:30:00|4|12|4
890|19:30:00|21:00:00|4|12|4
891|21:00:00|22:30:00|4|12|4
892|6:00:00|7:30:00|5|12|5
893|7:30:00|9:00:00|5|12|5
894|9:00:00|10:30:00|5|12|5
895|10:30:00|12:00:00|5|12|5
896|12:00:00|13:30:00|5|12|5
897|13:30:00|15:00:00|5|12|5
898|15:00:00|16:30:00|5|12|5
899|16:30:00|18:00:00|5|12|5
900|18:00:00|19:30:00|5|12|5
901|19:30:00|21:00:00|5|12|5
902|21:00:00|22:30:00|5|12|5
903|6:00:00|7:30:00|6|12|6
904|7:30:00|9:00:00|6|12|6
905|9:00:00|10:30:00|6|12|6
906|10:30:00|12:00:00|6|12|6
907|12:00:00|13:30:00|6|12|6
908|13:30:00|15:00:00|6|12|6
909|15:00:00|16:30:00|6|12|6
910|16:30:00|18:00:00|6|12|6
911|18:00:00|19:30:00|6|12|6
912|19:30:00|21:00:00|6|12|6
913|21:00:00|22:30:00|6|12|6
914|6:00:00|7:30:00|7|12|7
915|7:30:00|9:00:00|7|12|7
916|9:00:00|10:30:00|7|12|7
917|10:30:00|12:00:00|7|12|7
918|12:00:00|13:30:00|7|12|7
919|13:30:00|15:00:00|7|12|7
920|15:00:00|16:30:00|7|12|7
921|16:30:00|18:00:00|7|12|7
922|18:00:00|19:30:00|7|12|7
923|19:30:00|21:00:00|7|12|7
924|21:00:00|22:30:00|7|12|7
925|6:00:00|7:30:00|1|13|1
926|7:30:00|9:00:00|1|13|1
927|9:00:00|10:30:00|1|13|1
928|10:30:00|12:00:00|1|13|1
929|12:00:00|13:30:00|1|13|1
930|13:30:00|15:00:00|1|13|1
931|15:00:00|16:30:00|1|13|1
932|16:30:00|18:00:00|1|13|1
933|18:00:00|19:30:00|1|13|1
934|19:30:00|21:00:00|1|13|1
935|21:00:00|22:30:00|1|13|1
936|6:00:00|7:30:00|2|13|2
937|7:30:00|9:00:00|2|13|2
938|9:00:00|10:30:00|2|13|2
939|10:30:00|12:00:00|2|13|2
940|12:00:00|13:30:00|2|13|2
941|13:30:00|15:00:00|2|13|2
942|15:00:00|16:30:00|2|13|2
943|16:30:00|18:00:00|2|13|2
944|18:00:00|19:30:00|2|13|2
945|19:30:00|21:00:00|2|13|2
946|21:00:00|22:30:00|2|13|2
947|6:00:00|7:30:00|3|13|3
948|7:30:00|9:00:00|3|13|3
949|9:00:00|10:30:00|3|13|3
950|10:30:00|12:00:00|3|13|3
951|12:00:00|13:30:00|3|13|3
952|13:30:00|15:00:00|3|13|3
953|15:00:00|16:30:00|3|13|3
954|16:30:00|18:00:00|3|13|3
955|18:00:00|19:30:00|3|13|3
956|19:30:00|21:00:00|3|13|3
957|21:00:00|22:30:00|3|13|3
958|6:00:00|7:30:00|4|13|4
959|7:30:00|9:00:00|4|13|4
960|9:00:00|10:30:00|4|13|4
961|10:30:00|12:00:00|4|13|4
962|12:00:00|13:30:00|4|13|4
963|13:30:00|15:00:00|4|13|4
964|15:00:00|16:30:00|4|13|4
965|16:30:00|18:00:00|4|13|4
966|18:00:00|19:30:00|4|13|4
967|19:30:00|21:00:00|4|13|4
968|21:00:00|22:30:00|4|13|4
969|6:00:00|7:30:00|5|13|5
970|7:30:00|9:00:00|5|13|5
971|9:00:00|10:30:00|5|13|5
972|10:30:00|12:00:00|5|13|5
973|12:00:00|13:30:00|5|13|5
974|13:30:00|15:00:00|5|13|5
975|15:00:00|16:30:00|5|13|5
976|16:30:00|18:00:00|5|13|5
977|18:00:00|19:30:00|5|13|5
978|19:30:00|21:00:00|5|13|5
979|21:00:00|22:30:00|5|13|5
980|6:00:00|7:30:00|6|13|6
981|7:30:00|9:00:00|6|13|6
982|9:00:00|10:30:00|6|13|6
983|10:30:00|12:00:00|6|13|6
984|12:00:00|13:30:00|6|13|6
985|13:30:00|15:00:00|6|13|6
986|15:00:00|16:30:00|6|13|6
987|16:30:00|18:00:00|6|13|6
988|18:00:00|19:30:00|6|13|6
989|19:30:00|21:00:00|6|13|6
990|21:00:00|22:30:00|6|13|6
991|6:00:00|7:30:00|7|13|7
992|7:30:00|9:00:00|7|13|7
993|9:00:00|10:30:00|7|13|7
994|10:30:00|12:00:00|7|13|7
995|12:00:00|13:30:00|7|13|7
996|13:30:00|15:00:00|7|13|7
997|15:00:00|16:30:00|7|13|7
998|16:30:00|18:00:00|7|13|7
999|18:00:00|19:30:00|7|13|7
1000|19:30:00|21:00:00|7|13|7
1001|21:00:00|22:30:00|7|13|7
1002|6:00:00|7:30:00|1|14|1
1003|7:30:00|9:00:00|1|14|1
1004|9:00:00|10:30:00|1|14|1
1005|10:30:00|12:00:00|1|14|1
1006|12:00:00|13:30:00|1|14|1
1007|13:30:00|15:00:00|1|14|1
1008|15:00:00|16:30:00|1|14|1
1009|16:30:00|18:00:00|1|14|1
1010|18:00:00|19:30:00|1|14|1
1011|19:30:00|21:00:00|1|14|1
1012|21:00:00|22:30:00|1|14|1
1013|6:00:00|7:30:00|2|14|2
1014|7:30:00|9:00:00|2|14|2
1015|9:00:00|10:30:00|2|14|2
1016|10:30:00|12:00:00|2|14|2
1017|12:00:00|13:30:00|2|14|2
1018|13:30:00|15:00:00|2|14|2
1019|15:00:00|16:30:00|2|14|2
1020|16:30:00|18:00:00|2|14|2
1021|18:00:00|19:30:00|2|14|2
1022|19:30:00|21:00:00|2|14|2
1023|21:00:00|22:30:00|2|14|2
1024|6:00:00|7:30:00|3|14|3
1025|7:30:00|9:00:00|3|14|3
1026|9:00:00|10:30:00|3|14|3
1027|10:30:00|12:00:00|3|14|3
1028|12:00:00|13:30:00|3|14|3
1029|13:30:00|15:00:00|3|14|3
1030|15:00:00|16:30:00|3|14|3
1031|16:30:00|18:00:00|3|14|3
1032|18:00:00|19:30:00|3|14|3
1033|19:30:00|21:00:00|3|14|3
1034|21:00:00|22:30:00|3|14|3
1035|6:00:00|7:30:00|4|14|4
1036|7:30:00|9:00:00|4|14|4
1037|9:00:00|10:30:00|4|14|4
1038|10:30:00|12:00:00|4|14|4
1039|12:00:00|13:30:00|4|14|4
1040|13:30:00|15:00:00|4|14|4
1041|15:00:00|16:30:00|4|14|4
1042|16:30:00|18:00:00|4|14|4
1043|18:00:00|19:30:00|4|14|4
1044|19:30:00|21:00:00|4|14|4
1045|21:00:00|22:30:00|4|14|4
1046|6:00:00|7:30:00|5|14|5
1047|7:30:00|9:00:00|5|14|5
1048|9:00:00|10:30:00|5|14|5
1049|10:30:00|12:00:00|5|14|5
1050|12:00:00|13:30:00|5|14|5
1051|13:30:00|15:00:00|5|14|5
1052|15:00:00|16:30:00|5|14|5
1053|16:30:00|18:00:00|5|14|5
1054|18:00:00|19:30:00|5|14|5
1055|19:30:00|21:00:00|5|14|5
1056|21:00:00|22:30:00|5|14|5
1057|6:00:00|7:30:00|6|14|6
1058|7:30:00|9:00:00|6|14|6
1059|9:00:00|10:30:00|6|14|6
1060|10:30:00|12:00:00|6|14|6
1061|12:00:00|13:30:00|6|14|6
1062|13:30:00|15:00:00|6|14|6
1063|15:00:00|16:30:00|6|14|6
1064|16:30:00|18:00:00|6|14|6
1065|18:00:00|19:30:00|6|14|6
1066|19:30:00|21:00:00|6|14|6
1067|21:00:00|22:30:00|6|14|6
1068|6:00:00|7:30:00|7|14|7
1069|7:30:00|9:00:00|7|14|7
1070|9:00:00|10:30:00|7|14|7
1071|10:30:00|12:00:00|7|14|7
1072|12:00:00|13:30:00|7|14|7
1073|13:30:00|15:00:00|7|14|7
1074|15:00:00|16:30:00|7|14|7
1075|16:30:00|18:00:00|7|14|7
1076|18:00:00|19:30:00|7|14|7
1077|19:30:00|21:00:00|7|14|7
1078|21:00:00|22:30:00|7|14|7
1079|6:00:00|7:30:00|1|15|1
1080|7:30:00|9:00:00|1|15|1
1081|9:00:00|10:30:00|1|15|1
1082|10:30:00|12:00:00|1|15|1
1083|12:00:00|13:30:00|1|15|1
1084|13:30:00|15:00:00|1|15|1
1085|15:00:00|16:30:00|1|15|1
1086|16:30:00|18:00:00|1|15|1
1087|18:00:00|19:30:00|1|15|1
1088|19:30:00|21:00:00|1|15|1
1089|21:00:00|22:30:00|1|15|1
1090|6:00:00|7:30:00|2|15|2
1091|7:30:00|9:00:00|2|15|2
1092|9:00:00|10:30:00|2|15|2
1093|10:30:00|12:00:00|2|15|2
1094|12:00:00|13:30:00|2|15|2
1095|13:30:00|15:00:00|2|15|2
1096|15:00:00|16:30:00|2|15|2
1097|16:30:00|18:00:00|2|15|2
1098|18:00:00|19:30:00|2|15|2
1099|19:30:00|21:00:00|2|15|2
1100|21:00:00|22:30:00|2|15|2
1101|6:00:00|7:30:00|3|15|3
1102|7:30:00|9:00:00|3|15|3
1103|9:00:00|10:30:00|3|15|3
1104|10:30:00|12:00:00|3|15|3
1105|12:00:00|13:30:00|3|15|3
1106|13:30:00|15:00:00|3|15|3
1107|15:00:00|16:30:00|3|15|3
1108|16:30:00|18:00:00|3|15|3
1109|18:00:00|19:30:00|3|15|3
1110|19:30:00|21:00:00|3|15|3
1111|21:00:00|22:30:00|3|15|3
1112|6:00:00|7:30:00|4|15|4
1113|7:30:00|9:00:00|4|15|4
1114|9:00:00|10:30:00|4|15|4
1115|10:30:00|12:00:00|4|15|4
1116|12:00:00|13:30:00|4|15|4
1117|13:30:00|15:00:00|4|15|4
1118|15:00:00|16:30:00|4|15|4
1119|16:30:00|18:00:00|4|15|4
1120|18:00:00|19:30:00|4|15|4
1121|19:30:00|21:00:00|4|15|4
1122|21:00:00|22:30:00|4|15|4
1123|6:00:00|7:30:00|5|15|5
1124|7:30:00|9:00:00|5|15|5
1125|9:00:00|10:30:00|5|15|5
1126|10:30:00|12:00:00|5|15|5
1127|12:00:00|13:30:00|5|15|5
1128|13:30:00|15:00:00|5|15|5
1129|15:00:00|16:30:00|5|15|5
1130|16:30:00|18:00:00|5|15|5
1131|18:00:00|19:30:00|5|15|5
1132|19:30:00|21:00:00|5|15|5
1133|21:00:00|22:30:00|5|15|5
1134|6:00:00|7:30:00|6|15|6
1135|7:30:00|9:00:00|6|15|6
1136|9:00:00|10:30:00|6|15|6
1137|10:30:00|12:00:00|6|15|6
1138|12:00:00|13:30:00|6|15|6
1139|13:30:00|15:00:00|6|15|6
1140|15:00:00|16:30:00|6|15|6
1141|16:30:00|18:00:00|6|15|6
1142|18:00:00|19:30:00|6|15|6
1143|19:30:00|21:00:00|6|15|6
1144|21:00:00|22:30:00|6|15|6
1145|6:00:00|7:30:00|7|15|7
1146|7:30:00|9:00:00|7|15|7
1147|9:00:00|10:30:00|7|15|7
1148|10:30:00|12:00:00|7|15|7
1149|12:00:00|13:30:00|7|15|7
1150|13:30:00|15:00:00|7|15|7
1151|15:00:00|16:30:00|7|15|7
1152|16:30:00|18:00:00|7|15|7
1153|18:00:00|19:30:00|7|15|7
1154|19:30:00|21:00:00|7|15|7
1155|21:00:00|22:30:00|7|15|7
1156|6:00:00|7:30:00|1|16|1
1157|7:30:00|9:00:00|1|16|1
1158|9:00:00|10:30:00|1|16|1
1159|10:30:00|12:00:00|1|16|1
1160|12:00:00|13:30:00|1|16|1
1161|13:30:00|15:00:00|1|16|1
1162|15:00:00|16:30:00|1|16|1
1163|16:30:00|18:00:00|1|16|1
1164|18:00:00|19:30:00|1|16|1
1165|19:30:00|21:00:00|1|16|1
1166|21:00:00|22:30:00|1|16|1
1167|6:00:00|7:30:00|2|16|2
1168|7:30:00|9:00:00|2|16|2
1169|9:00:00|10:30:00|2|16|2
1170|10:30:00|12:00:00|2|16|2
1171|12:00:00|13:30:00|2|16|2
1172|13:30:00|15:00:00|2|16|2
1173|15:00:00|16:30:00|2|16|2
1174|16:30:00|18:00:00|2|16|2
1175|18:00:00|19:30:00|2|16|2
1176|19:30:00|21:00:00|2|16|2
1177|21:00:00|22:30:00|2|16|2
1178|6:00:00|7:30:00|3|16|3
1179|7:30:00|9:00:00|3|16|3
1180|9:00:00|10:30:00|3|16|3
1181|10:30:00|12:00:00|3|16|3
1182|12:00:00|13:30:00|3|16|3
1183|13:30:00|15:00:00|3|16|3
1184|15:00:00|16:30:00|3|16|3
1185|16:30:00|18:00:00|3|16|3
1186|18:00:00|19:30:00|3|16|3
1187|19:30:00|21:00:00|3|16|3
1188|21:00:00|22:30:00|3|16|3
1189|6:00:00|7:30:00|4|16|4
1190|7:30:00|9:00:00|4|16|4
1191|9:00:00|10:30:00|4|16|4
1192|10:30:00|12:00:00|4|16|4
1193|12:00:00|13:30:00|4|16|4
1194|13:30:00|15:00:00|4|16|4
1195|15:00:00|16:30:00|4|16|4
1196|16:30:00|18:00:00|4|16|4
1197|18:00:00|19:30:00|4|16|4
1198|19:30:00|21:00:00|4|16|4
1199|21:00:00|22:30:00|4|16|4
1200|6:00:00|7:30:00|5|16|5
1201|7:30:00|9:00:00|5|16|5
1202|9:00:00|10:30:00|5|16|5
1203|10:30:00|12:00:00|5|16|5
1204|12:00:00|13:30:00|5|16|5
1205|13:30:00|15:00:00|5|16|5
1206|15:00:00|16:30:00|5|16|5
1207|16:30:00|18:00:00|5|16|5
1208|18:00:00|19:30:00|5|16|5
1209|19:30:00|21:00:00|5|16|5
1210|21:00:00|22:30:00|5|16|5
1211|6:00:00|7:30:00|6|16|6
1212|7:30:00|9:00:00|6|16|6
1213|9:00:00|10:30:00|6|16|6
1214|10:30:00|12:00:00|6|16|6
1215|12:00:00|13:30:00|6|16|6
1216|13:30:00|15:00:00|6|16|6
1217|15:00:00|16:30:00|6|16|6
1218|16:30:00|18:00:00|6|16|6
1219|18:00:00|19:30:00|6|16|6
1220|19:30:00|21:00:00|6|16|6
1221|21:00:00|22:30:00|6|16|6
1222|6:00:00|7:30:00|7|16|7
1223|7:30:00|9:00:00|7|16|7
1224|9:00:00|10:30:00|7|16|7
1225|10:30:00|12:00:00|7|16|7
1226|12:00:00|13:30:00|7|16|7
1227|13:30:00|15:00:00|7|16|7
1228|15:00:00|16:30:00|7|16|7
1229|16:30:00|18:00:00|7|16|7
1230|18:00:00|19:30:00|7|16|7
1231|19:30:00|21:00:00|7|16|7
1232|21:00:00|22:30:00|7|16|7
